{"cameraMode":{"drawMode":0,"name":"Shaded","section":"Shading Mode"},"sceneLighting":false,"audioPlay":false,"sceneViewState":{"m_AlwaysRefresh":false,"showFog":true,"showSkybox":false,"showFlares":true,"showImageEffects":true,"showParticleSystems":true,"showVisualEffectGraphs":true,"m_FxEnabled":true},"in2DMode":false,"pivot":{"x":-4.752999782562256,"y":0.9876207113265991,"z":0.008181840181350708},"rotation":{"x":0.05128839239478111,"y":0.009615527465939522,"z":-0.00043268781155347824,"w":0.9986916184425354},"size":0.4330126941204071,"orthographic":false}